{"train/loss": 9.647836685180664, "global_step": 23, "_timestamp": 1746338040.5241175, "_runtime": 146.86414456367493, "_step": 23}